YEAR,CROP,STATE,DISTRICT,TEHSIL,SIZE_CLASS,area_avail,irr_ar,unirr_ar,total_ar
1996,BANANA,MAHARASHTRA,RATNAGIRI,DAPOLI,30,11,1,0,1
1996,BETELNUTS(ARECANUTS),MAHARASHTRA,RATNAGIRI,DAPOLI,0.5,346,13,7,20
1996,BETELNUTS(ARECANUTS),MAHARASHTRA,RATNAGIRI,DAPOLI,1,274,17,11,28
1996,BETELNUTS(ARECANUTS),MAHARASHTRA,RATNAGIRI,DAPOLI,2,341,34,511,545
1996,BETELNUTS(ARECANUTS),MAHARASHTRA,RATNAGIRI,DAPOLI,3,156,24,7,31
1996,BETELNUTS(ARECANUTS),MAHARASHTRA,RATNAGIRI,DAPOLI,4,157,32,4,36
1996,BETELNUTS(ARECANUTS),MAHARASHTRA,RATNAGIRI,DAPOLI,5,96,7,14,21
1996,BETELNUTS(ARECANUTS),MAHARASHTRA,RATNAGIRI,DAPOLI,7.5,113,28,413,441
1996,BETELNUTS(ARECANUTS),MAHARASHTRA,RATNAGIRI,DAPOLI,10,86,14,16,30
1996,BETELNUTS(ARECANUTS),MAHARASHTRA,RATNAGIRI,DAPOLI,20,71,24,8,32
1996,BETELNUTS(ARECANUTS),MAHARASHTRA,RATNAGIRI,DAPOLI,30,33,20,2,22
1996,BRINJAL,MAHARASHTRA,RATNAGIRI,DAPOLI,5,7,0,3,3
1996,CASHEW,MAHARASHTRA,RATNAGIRI,DAPOLI,0.5,612,0,70,70
1996,CASHEW,MAHARASHTRA,RATNAGIRI,DAPOLI,1,949,0,178,178
1996,CASHEW,MAHARASHTRA,RATNAGIRI,DAPOLI,2,1294,0,410,410
1996,CASHEW,MAHARASHTRA,RATNAGIRI,DAPOLI,3,1160,0,440,440
1996,CASHEW,MAHARASHTRA,RATNAGIRI,DAPOLI,4,933,0,561,561
1996,CASHEW,MAHARASHTRA,RATNAGIRI,DAPOLI,5,651,0,409,409
1996,CASHEW,MAHARASHTRA,RATNAGIRI,DAPOLI,7.5,807,0,663,663
1996,CASHEW,MAHARASHTRA,RATNAGIRI,DAPOLI,10,423,0,358,358
1996,CASHEW,MAHARASHTRA,RATNAGIRI,DAPOLI,20,437,0,692,692
1996,CASHEW,MAHARASHTRA,RATNAGIRI,DAPOLI,30,54,0,75,75
1996,CHIKU,MAHARASHTRA,RATNAGIRI,DAPOLI,0.5,7,0,0,0
1996,CHIKU,MAHARASHTRA,RATNAGIRI,DAPOLI,30,5,0,6,6
1996,CHILLIES,MAHARASHTRA,RATNAGIRI,DAPOLI,3,8,0,0,0
1996,CHILLIES,MAHARASHTRA,RATNAGIRI,DAPOLI,4,9,0,0,0
1996,CHILLIES,MAHARASHTRA,RATNAGIRI,DAPOLI,30,5,0,0,0
1996,CITRUS FRUITS,MAHARASHTRA,RATNAGIRI,DAPOLI,1,14,3,0,3
1996,CITRUS FRUITS,MAHARASHTRA,RATNAGIRI,DAPOLI,3,8,4,0,4
1996,COCONUT,MAHARASHTRA,RATNAGIRI,DAPOLI,0.5,262,6,22,28
1996,COCONUT,MAHARASHTRA,RATNAGIRI,DAPOLI,1,119,3,10,13
1996,COCONUT,MAHARASHTRA,RATNAGIRI,DAPOLI,2,157,3,31,34
1996,COCONUT,MAHARASHTRA,RATNAGIRI,DAPOLI,3,73,3,8,11
1996,COCONUT,MAHARASHTRA,RATNAGIRI,DAPOLI,4,86,7,7,14
1996,COCONUT,MAHARASHTRA,RATNAGIRI,DAPOLI,5,42,4,17,21
1996,COCONUT,MAHARASHTRA,RATNAGIRI,DAPOLI,7.5,80,9,5,14
1996,COCONUT,MAHARASHTRA,RATNAGIRI,DAPOLI,10,60,4,6,10
1996,COCONUT,MAHARASHTRA,RATNAGIRI,DAPOLI,20,48,2,75,77
1996,COCONUT,MAHARASHTRA,RATNAGIRI,DAPOLI,30,16,115,3,118
1996,FODDER & GREEN MANURES,MAHARASHTRA,RATNAGIRI,DAPOLI,0.5,1834,0,259,259
1996,FODDER & GREEN MANURES,MAHARASHTRA,RATNAGIRI,DAPOLI,1,1829,0,606,606
1996,FODDER & GREEN MANURES,MAHARASHTRA,RATNAGIRI,DAPOLI,2,2695,0,1390,1390
1996,FODDER & GREEN MANURES,MAHARASHTRA,RATNAGIRI,DAPOLI,3,2005,0,1404,1404
1996,FODDER & GREEN MANURES,MAHARASHTRA,RATNAGIRI,DAPOLI,4,1379,0,1169,1169
1996,FODDER & GREEN MANURES,MAHARASHTRA,RATNAGIRI,DAPOLI,5,890,0,750,750
1996,FODDER & GREEN MANURES,MAHARASHTRA,RATNAGIRI,DAPOLI,7.5,1261,0,1662,1662
1996,FODDER & GREEN MANURES,MAHARASHTRA,RATNAGIRI,DAPOLI,10,587,0,1031,1031
1996,FODDER & GREEN MANURES,MAHARASHTRA,RATNAGIRI,DAPOLI,20,535,0,1342,1342
1996,FODDER & GREEN MANURES,MAHARASHTRA,RATNAGIRI,DAPOLI,30,33,0,643,643
1996,GARLIC,MAHARASHTRA,RATNAGIRI,DAPOLI,3,2,0,1,1
1996,GRAPES,MAHARASHTRA,RATNAGIRI,DAPOLI,0.5,1,0,0,0
1996,GRAPES,MAHARASHTRA,RATNAGIRI,DAPOLI,2,7,1,0,1
1996,GRAPES,MAHARASHTRA,RATNAGIRI,DAPOLI,3,8,1,0,1
1996,GRAPES,MAHARASHTRA,RATNAGIRI,DAPOLI,4,2,1,0,1
1996,GREEN MANURES,MAHARASHTRA,RATNAGIRI,DAPOLI,0.5,28,0,3,3
1996,GREEN MANURES,MAHARASHTRA,RATNAGIRI,DAPOLI,1,29,0,5,5
1996,GREEN MANURES,MAHARASHTRA,RATNAGIRI,DAPOLI,2,21,0,8,8
1996,GREEN MANURES,MAHARASHTRA,RATNAGIRI,DAPOLI,3,20,0,7,7
1996,GREEN MANURES,MAHARASHTRA,RATNAGIRI,DAPOLI,4,9,0,3,3
1996,GREEN MANURES,MAHARASHTRA,RATNAGIRI,DAPOLI,5,13,0,10,10
1996,GREEN MANURES,MAHARASHTRA,RATNAGIRI,DAPOLI,7.5,8,0,3,3
1996,GREEN MANURES,MAHARASHTRA,RATNAGIRI,DAPOLI,10,9,0,3,3
1996,GREEN MANURES,MAHARASHTRA,RATNAGIRI,DAPOLI,20,16,0,14,14
1996,GROUNDNUT,MAHARASHTRA,RATNAGIRI,DAPOLI,0.5,1,0,0,0
1996,GROUNDNUT,MAHARASHTRA,RATNAGIRI,DAPOLI,2,18,0,5,5
1996,GROUNDNUT,MAHARASHTRA,RATNAGIRI,DAPOLI,3,18,0,2,2
1996,GROUNDNUT,MAHARASHTRA,RATNAGIRI,DAPOLI,4,9,0,1,1
1996,GROUNDNUT,MAHARASHTRA,RATNAGIRI,DAPOLI,20,4,0,1,1
1996,GUAVA,MAHARASHTRA,RATNAGIRI,DAPOLI,0.5,14,0,1,1
1996,GUAVA,MAHARASHTRA,RATNAGIRI,DAPOLI,1,7,0,1,1
1996,GUAVA,MAHARASHTRA,RATNAGIRI,DAPOLI,2,16,0,3,3
1996,GUAVA,MAHARASHTRA,RATNAGIRI,DAPOLI,3,16,0,1,1
1996,GUAVA,MAHARASHTRA,RATNAGIRI,DAPOLI,20,8,0,20,20
1996,LEAFY VEGETABLE,MAHARASHTRA,RATNAGIRI,DAPOLI,30,11,0,2,2
1996,LINSEED,MAHARASHTRA,RATNAGIRI,DAPOLI,0.5,7,0,0,0
1996,MANGOES,MAHARASHTRA,RATNAGIRI,DAPOLI,0.5,1609,2,188,190
1996,MANGOES,MAHARASHTRA,RATNAGIRI,DAPOLI,1,1734,0,419,419
1996,MANGOES,MAHARASHTRA,RATNAGIRI,DAPOLI,2,2259,0,815,815
1996,MANGOES,MAHARASHTRA,RATNAGIRI,DAPOLI,3,1657,16,801,817
1996,MANGOES,MAHARASHTRA,RATNAGIRI,DAPOLI,4,1205,0,944,944
1996,MANGOES,MAHARASHTRA,RATNAGIRI,DAPOLI,5,737,0,423,423
1996,MANGOES,MAHARASHTRA,RATNAGIRI,DAPOLI,7.5,1089,8,900,908
1996,MANGOES,MAHARASHTRA,RATNAGIRI,DAPOLI,10,558,0,445,445
1996,MANGOES,MAHARASHTRA,RATNAGIRI,DAPOLI,20,433,0,475,475
1996,MANGOES,MAHARASHTRA,RATNAGIRI,DAPOLI,30,57,0,369,369
1996,MOONG,MAHARASHTRA,RATNAGIRI,DAPOLI,2,7,0,1,1
1996,MOONG,MAHARASHTRA,RATNAGIRI,DAPOLI,7.5,8,0,2,2
1996,OTHER CEREALS,MAHARASHTRA,RATNAGIRI,DAPOLI,0.5,57,0,4,4
1996,OTHER CEREALS,MAHARASHTRA,RATNAGIRI,DAPOLI,1,61,0,9,9
1996,OTHER CEREALS,MAHARASHTRA,RATNAGIRI,DAPOLI,2,207,0,43,43
1996,OTHER CEREALS,MAHARASHTRA,RATNAGIRI,DAPOLI,3,156,0,28,28
1996,OTHER CEREALS,MAHARASHTRA,RATNAGIRI,DAPOLI,4,92,0,12,12
1996,OTHER CEREALS,MAHARASHTRA,RATNAGIRI,DAPOLI,5,115,0,34,34
1996,OTHER CEREALS,MAHARASHTRA,RATNAGIRI,DAPOLI,7.5,134,0,23,23
1996,OTHER CEREALS,MAHARASHTRA,RATNAGIRI,DAPOLI,10,21,0,3,3
1996,OTHER CEREALS,MAHARASHTRA,RATNAGIRI,DAPOLI,20,54,0,13,13
1996,OTHER CEREALS,MAHARASHTRA,RATNAGIRI,DAPOLI,30,5,0,2,2
1996,OTHER CONDIMENTS AND SPICES,MAHARASHTRA,RATNAGIRI,DAPOLI,2,14,0,1,1
1996,OTHER DRUGS & NARCOTICS,MAHARASHTRA,RATNAGIRI,DAPOLI,30,5,0,1,1
1996,OTHER FIBRES,MAHARASHTRA,RATNAGIRI,DAPOLI,2,7,0,6,6
1996,OTHER FODDER CROPS,MAHARASHTRA,RATNAGIRI,DAPOLI,0.5,1806,0,256,256
1996,OTHER FODDER CROPS,MAHARASHTRA,RATNAGIRI,DAPOLI,1,1800,0,601,601
1996,OTHER FODDER CROPS,MAHARASHTRA,RATNAGIRI,DAPOLI,2,2674,0,1382,1382
1996,OTHER FODDER CROPS,MAHARASHTRA,RATNAGIRI,DAPOLI,3,1985,0,1397,1397
1996,OTHER FODDER CROPS,MAHARASHTRA,RATNAGIRI,DAPOLI,4,1370,0,1166,1166
1996,OTHER FODDER CROPS,MAHARASHTRA,RATNAGIRI,DAPOLI,5,877,0,740,740
1996,OTHER FODDER CROPS,MAHARASHTRA,RATNAGIRI,DAPOLI,7.5,1253,0,1659,1659
1996,OTHER FODDER CROPS,MAHARASHTRA,RATNAGIRI,DAPOLI,10,578,0,1028,1028
1996,OTHER FODDER CROPS,MAHARASHTRA,RATNAGIRI,DAPOLI,20,519,0,1328,1328
1996,OTHER FODDER CROPS,MAHARASHTRA,RATNAGIRI,DAPOLI,30,33,0,643,643
1996,OTHER FRUITS,MAHARASHTRA,RATNAGIRI,DAPOLI,1,2,0,0,0
1996,OTHER FRUITS,MAHARASHTRA,RATNAGIRI,DAPOLI,2,7,0,2,2
1996,OTHER FRUITS,MAHARASHTRA,RATNAGIRI,DAPOLI,3,8,0,0,0
1996,OTHER FRUITS,MAHARASHTRA,RATNAGIRI,DAPOLI,4,9,0,4,4
1996,OTHER FRUITS,MAHARASHTRA,RATNAGIRI,DAPOLI,5,13,0,1,1
1996,OTHER FRUITS,MAHARASHTRA,RATNAGIRI,DAPOLI,30,5,0,0,0
1996,OTHER PULSES,MAHARASHTRA,RATNAGIRI,DAPOLI,3,4,0,0,0
1996,OTHER VEGETABLES,MAHARASHTRA,RATNAGIRI,DAPOLI,0.5,1,0,0,0
1996,OTHER VEGETABLES,MAHARASHTRA,RATNAGIRI,DAPOLI,10,9,0,9,9
1996,OTHER VEGETABLES,MAHARASHTRA,RATNAGIRI,DAPOLI,30,5,0,1,1
1996,PADDY,MAHARASHTRA,RATNAGIRI,DAPOLI,0.5,13180,0,1490,1490
1996,PADDY,MAHARASHTRA,RATNAGIRI,DAPOLI,1,5088,0,1021,1021
1996,PADDY,MAHARASHTRA,RATNAGIRI,DAPOLI,2,5639,0,1589,1589
1996,PADDY,MAHARASHTRA,RATNAGIRI,DAPOLI,3,3335,0,1087,1087
1996,PADDY,MAHARASHTRA,RATNAGIRI,DAPOLI,4,2283,0,888,888
1996,PADDY,MAHARASHTRA,RATNAGIRI,DAPOLI,5,1384,2,649,651
1996,PADDY,MAHARASHTRA,RATNAGIRI,DAPOLI,7.5,1791,0,914,914
1996,PADDY,MAHARASHTRA,RATNAGIRI,DAPOLI,10,798,0,511,511
1996,PADDY,MAHARASHTRA,RATNAGIRI,DAPOLI,20,751,0,596,596
1996,PADDY,MAHARASHTRA,RATNAGIRI,DAPOLI,30,71,0,123,123
1996,POME FRUITS,MAHARASHTRA,RATNAGIRI,DAPOLI,0.5,7,0,0,0
1996,POME FRUITS,MAHARASHTRA,RATNAGIRI,DAPOLI,1,7,0,3,3
1996,POME FRUITS,MAHARASHTRA,RATNAGIRI,DAPOLI,2,16,0,6,6
1996,POME FRUITS,MAHARASHTRA,RATNAGIRI,DAPOLI,4,17,0,5,5
1996,RAGI,MAHARASHTRA,RATNAGIRI,DAPOLI,0.5,4125,0,407,407
1996,RAGI,MAHARASHTRA,RATNAGIRI,DAPOLI,1,2795,0,534,534
1996,RAGI,MAHARASHTRA,RATNAGIRI,DAPOLI,2,3259,0,738,738
1996,RAGI,MAHARASHTRA,RATNAGIRI,DAPOLI,3,2281,0,609,609
1996,RAGI,MAHARASHTRA,RATNAGIRI,DAPOLI,4,1447,0,502,502
1996,RAGI,MAHARASHTRA,RATNAGIRI,DAPOLI,5,942,0,364,364
1996,RAGI,MAHARASHTRA,RATNAGIRI,DAPOLI,7.5,1100,0,624,624
1996,RAGI,MAHARASHTRA,RATNAGIRI,DAPOLI,10,653,0,391,391
1996,RAGI,MAHARASHTRA,RATNAGIRI,DAPOLI,20,468,0,300,300
1996,RAGI,MAHARASHTRA,RATNAGIRI,DAPOLI,30,47,0,39,39
1996,SESAMUM (TIL),MAHARASHTRA,RATNAGIRI,DAPOLI,0.5,91,0,6,6
1996,SESAMUM (TIL),MAHARASHTRA,RATNAGIRI,DAPOLI,1,98,0,11,11
1996,SESAMUM (TIL),MAHARASHTRA,RATNAGIRI,DAPOLI,2,233,0,35,35
1996,SESAMUM (TIL),MAHARASHTRA,RATNAGIRI,DAPOLI,3,260,0,64,64
1996,SESAMUM (TIL),MAHARASHTRA,RATNAGIRI,DAPOLI,4,196,0,73,73
1996,SESAMUM (TIL),MAHARASHTRA,RATNAGIRI,DAPOLI,5,201,0,41,41
1996,SESAMUM (TIL),MAHARASHTRA,RATNAGIRI,DAPOLI,7.5,279,0,45,45
1996,SESAMUM (TIL),MAHARASHTRA,RATNAGIRI,DAPOLI,10,118,0,25,25
1996,SESAMUM (TIL),MAHARASHTRA,RATNAGIRI,DAPOLI,20,124,0,71,71
1996,SESAMUM (TIL),MAHARASHTRA,RATNAGIRI,DAPOLI,30,3,0,1,1
1996,TOTAL DRUGS & NARCOTICS,MAHARASHTRA,RATNAGIRI,DAPOLI,30,5,0,1,1
1996,TOTAL FIBRES,MAHARASHTRA,RATNAGIRI,DAPOLI,2,7,0,6,6
1996,TOTAL FRUITS,MAHARASHTRA,RATNAGIRI,DAPOLI,0.5,2250,2,259,261
1996,TOTAL FRUITS,MAHARASHTRA,RATNAGIRI,DAPOLI,1,2713,3,601,604
1996,TOTAL FRUITS,MAHARASHTRA,RATNAGIRI,DAPOLI,2,3599,1,1236,1237
1996,TOTAL FRUITS,MAHARASHTRA,RATNAGIRI,DAPOLI,3,2857,21,1242,1263
1996,TOTAL FRUITS,MAHARASHTRA,RATNAGIRI,DAPOLI,4,2166,1,1514,1515
1996,TOTAL FRUITS,MAHARASHTRA,RATNAGIRI,DAPOLI,5,1401,0,833,833
1996,TOTAL FRUITS,MAHARASHTRA,RATNAGIRI,DAPOLI,7.5,1896,8,1563,1571
1996,TOTAL FRUITS,MAHARASHTRA,RATNAGIRI,DAPOLI,10,981,0,803,803
1996,TOTAL FRUITS,MAHARASHTRA,RATNAGIRI,DAPOLI,20,878,0,1187,1187
1996,TOTAL FRUITS,MAHARASHTRA,RATNAGIRI,DAPOLI,30,132,1,450,451
1996,TOTAL NON FOOD CROPS,MAHARASHTRA,RATNAGIRI,DAPOLI,0.5,2195,6,287,293
1996,TOTAL NON FOOD CROPS,MAHARASHTRA,RATNAGIRI,DAPOLI,1,2046,3,627,630
1996,TOTAL NON FOOD CROPS,MAHARASHTRA,RATNAGIRI,DAPOLI,2,3110,3,1467,1470
1996,TOTAL NON FOOD CROPS,MAHARASHTRA,RATNAGIRI,DAPOLI,3,2356,3,1478,1481
1996,TOTAL NON FOOD CROPS,MAHARASHTRA,RATNAGIRI,DAPOLI,4,1670,7,1250,1257
1996,TOTAL NON FOOD CROPS,MAHARASHTRA,RATNAGIRI,DAPOLI,5,1133,4,808,812
1996,TOTAL NON FOOD CROPS,MAHARASHTRA,RATNAGIRI,DAPOLI,7.5,1620,9,1712,1721
1996,TOTAL NON FOOD CROPS,MAHARASHTRA,RATNAGIRI,DAPOLI,10,765,4,1062,1066
1996,TOTAL NON FOOD CROPS,MAHARASHTRA,RATNAGIRI,DAPOLI,20,711,2,1489,1491
1996,TOTAL NON FOOD CROPS,MAHARASHTRA,RATNAGIRI,DAPOLI,30,57,115,648,763
1996,TOTAL OILSEEDS,MAHARASHTRA,RATNAGIRI,DAPOLI,0.5,361,6,28,34
1996,TOTAL OILSEEDS,MAHARASHTRA,RATNAGIRI,DAPOLI,1,217,3,21,24
1996,TOTAL OILSEEDS,MAHARASHTRA,RATNAGIRI,DAPOLI,2,408,3,71,74
1996,TOTAL OILSEEDS,MAHARASHTRA,RATNAGIRI,DAPOLI,3,351,3,74,77
1996,TOTAL OILSEEDS,MAHARASHTRA,RATNAGIRI,DAPOLI,4,291,7,81,88
1996,TOTAL OILSEEDS,MAHARASHTRA,RATNAGIRI,DAPOLI,5,243,4,58,62
1996,TOTAL OILSEEDS,MAHARASHTRA,RATNAGIRI,DAPOLI,7.5,359,9,50,59
1996,TOTAL OILSEEDS,MAHARASHTRA,RATNAGIRI,DAPOLI,10,178,4,31,35
1996,TOTAL OILSEEDS,MAHARASHTRA,RATNAGIRI,DAPOLI,20,176,2,147,149
1996,TOTAL OILSEEDS,MAHARASHTRA,RATNAGIRI,DAPOLI,30,19,115,4,119
1996,TOTAL PULSES,MAHARASHTRA,RATNAGIRI,DAPOLI,0.5,8,0,0,0
1996,TOTAL PULSES,MAHARASHTRA,RATNAGIRI,DAPOLI,1,14,0,1,1
1996,TOTAL PULSES,MAHARASHTRA,RATNAGIRI,DAPOLI,2,14,0,1,1
1996,TOTAL PULSES,MAHARASHTRA,RATNAGIRI,DAPOLI,3,52,0,7,7
1996,TOTAL PULSES,MAHARASHTRA,RATNAGIRI,DAPOLI,4,18,0,9,9
1996,TOTAL PULSES,MAHARASHTRA,RATNAGIRI,DAPOLI,5,13,0,4,4
1996,TOTAL PULSES,MAHARASHTRA,RATNAGIRI,DAPOLI,7.5,40,0,12,12
1996,TOTAL PULSES,MAHARASHTRA,RATNAGIRI,DAPOLI,20,16,0,5,5
1996,TOTAL PULSES,MAHARASHTRA,RATNAGIRI,DAPOLI,30,10,0,5,5
1996,TOTAL SPICES,MAHARASHTRA,RATNAGIRI,DAPOLI,0.5,346,13,7,20
1996,TOTAL SPICES,MAHARASHTRA,RATNAGIRI,DAPOLI,1,274,17,11,28
1996,TOTAL SPICES,MAHARASHTRA,RATNAGIRI,DAPOLI,2,362,38,512,550
1996,TOTAL SPICES,MAHARASHTRA,RATNAGIRI,DAPOLI,3,166,24,8,32
1996,TOTAL SPICES,MAHARASHTRA,RATNAGIRI,DAPOLI,4,166,32,4,36
1996,TOTAL SPICES,MAHARASHTRA,RATNAGIRI,DAPOLI,5,103,13,14,27
1996,TOTAL SPICES,MAHARASHTRA,RATNAGIRI,DAPOLI,7.5,121,29,413,442
1996,TOTAL SPICES,MAHARASHTRA,RATNAGIRI,DAPOLI,10,86,14,16,30
1996,TOTAL SPICES,MAHARASHTRA,RATNAGIRI,DAPOLI,20,71,24,8,32
1996,TOTAL SPICES,MAHARASHTRA,RATNAGIRI,DAPOLI,30,38,20,2,22
1996,TOTAL VEGETABLES,MAHARASHTRA,RATNAGIRI,DAPOLI,0.5,1,0,0,0
1996,TOTAL VEGETABLES,MAHARASHTRA,RATNAGIRI,DAPOLI,5,7,0,3,3
1996,TOTAL VEGETABLES,MAHARASHTRA,RATNAGIRI,DAPOLI,10,9,0,9,9
1996,TOTAL VEGETABLES,MAHARASHTRA,RATNAGIRI,DAPOLI,30,16,0,3,3
1996,TUR(ARHAR),MAHARASHTRA,RATNAGIRI,DAPOLI,2,2,0,0,0
1996,TUR(ARHAR),MAHARASHTRA,RATNAGIRI,DAPOLI,3,20,0,1,1
1996,TUR(ARHAR),MAHARASHTRA,RATNAGIRI,DAPOLI,4,9,0,9,9
1996,TUR(ARHAR),MAHARASHTRA,RATNAGIRI,DAPOLI,7.5,16,0,8,8
1996,TUR(ARHAR),MAHARASHTRA,RATNAGIRI,DAPOLI,30,5,0,3,3
1996,TURMERIC,MAHARASHTRA,RATNAGIRI,DAPOLI,2,7,4,0,4
1996,TURMERIC,MAHARASHTRA,RATNAGIRI,DAPOLI,5,7,6,0,6
1996,TURMERIC,MAHARASHTRA,RATNAGIRI,DAPOLI,7.5,8,1,0,1
1996,URAD,MAHARASHTRA,RATNAGIRI,DAPOLI,0.5,8,0,0,0
1996,URAD,MAHARASHTRA,RATNAGIRI,DAPOLI,1,14,0,1,1
1996,URAD,MAHARASHTRA,RATNAGIRI,DAPOLI,2,5,0,0,0
1996,URAD,MAHARASHTRA,RATNAGIRI,DAPOLI,3,28,0,6,6
1996,URAD,MAHARASHTRA,RATNAGIRI,DAPOLI,4,9,0,0,0
1996,URAD,MAHARASHTRA,RATNAGIRI,DAPOLI,5,13,0,4,4
1996,URAD,MAHARASHTRA,RATNAGIRI,DAPOLI,7.5,16,0,2,2
1996,URAD,MAHARASHTRA,RATNAGIRI,DAPOLI,20,16,0,5,5
1996,URAD,MAHARASHTRA,RATNAGIRI,DAPOLI,30,5,0,2,2
1996,WHEAT,MAHARASHTRA,RATNAGIRI,DAPOLI,0.5,15,0,1,1
1996,WHEAT,MAHARASHTRA,RATNAGIRI,DAPOLI,1,9,0,0,0
1996,WHEAT,MAHARASHTRA,RATNAGIRI,DAPOLI,2,5,0,1,1
1996,WHEAT,MAHARASHTRA,RATNAGIRI,DAPOLI,3,18,0,3,3
1996,WHEAT,MAHARASHTRA,RATNAGIRI,DAPOLI,4,9,0,10,10
1996,WHEAT,MAHARASHTRA,RATNAGIRI,DAPOLI,7.5,5,0,10,10
1996,WHEAT,MAHARASHTRA,RATNAGIRI,DAPOLI,10,9,0,2,2
2001,ALL VEGETABLES,MAHARASHTRA,RATHNAGIRI,DAPOLI,0.5,6,0,0,0
2001,ALL VEGETABLES,MAHARASHTRA,RATHNAGIRI,DAPOLI,1,13,0,1,1
2001,ALL VEGETABLES,MAHARASHTRA,RATHNAGIRI,DAPOLI,2,5,0,0,0
2001,ALL VEGETABLES,MAHARASHTRA,RATHNAGIRI,DAPOLI,3,4,0,0,0
2001,ALL VEGETABLES,MAHARASHTRA,RATHNAGIRI,DAPOLI,4,7,0,1,1
2001,ALL VEGETABLES,MAHARASHTRA,RATHNAGIRI,DAPOLI,7.5,4,0,1,1
2001,BAJRA,MAHARASHTRA,RATHNAGIRI,DAPOLI,3,4,0,3,3
2001,BANANA,MAHARASHTRA,RATHNAGIRI,DAPOLI,0.5,61,0,3,3
2001,BANANA,MAHARASHTRA,RATHNAGIRI,DAPOLI,1,4,0,0,0
2001,BANANA,MAHARASHTRA,RATHNAGIRI,DAPOLI,2,5,0,0,0
2001,BANANA,MAHARASHTRA,RATHNAGIRI,DAPOLI,3,8,0,0,0
2001,BANANA,MAHARASHTRA,RATHNAGIRI,DAPOLI,4,7,0,2,2
2001,BANANA,MAHARASHTRA,RATHNAGIRI,DAPOLI,5,8,0,0,0
2001,BANANA,MAHARASHTRA,RATHNAGIRI,DAPOLI,7.5,9,0,2,2
2001,BANANA,MAHARASHTRA,RATHNAGIRI,DAPOLI,10,8,0,4,4
2001,BANANA,MAHARASHTRA,RATHNAGIRI,DAPOLI,20,2,0,1,1
2001,BEETLVINE,MAHARASHTRA,RATHNAGIRI,DAPOLI,1,22,0,5,5
2001,BEETLVINE,MAHARASHTRA,RATHNAGIRI,DAPOLI,2,65,0,19,19
2001,BEETLVINE,MAHARASHTRA,RATHNAGIRI,DAPOLI,3,46,0,17,17
2001,BEETLVINE,MAHARASHTRA,RATHNAGIRI,DAPOLI,4,114,0,55,55
2001,BEETLVINE,MAHARASHTRA,RATHNAGIRI,DAPOLI,5,63,0,55,55
2001,BEETLVINE,MAHARASHTRA,RATHNAGIRI,DAPOLI,7.5,36,0,17,17
2001,BEETLVINE,MAHARASHTRA,RATHNAGIRI,DAPOLI,10,27,0,19,19
2001,BEETLVINE,MAHARASHTRA,RATHNAGIRI,DAPOLI,20,5,0,2,2
2001,BETELNUTS (ARECANUTS),MAHARASHTRA,RATHNAGIRI,DAPOLI,0.5,582,17,20,37
2001,BETELNUTS (ARECANUTS),MAHARASHTRA,RATHNAGIRI,DAPOLI,1,119,10,8,18
2001,BETELNUTS (ARECANUTS),MAHARASHTRA,RATHNAGIRI,DAPOLI,2,90,3,9,12
2001,BETELNUTS (ARECANUTS),MAHARASHTRA,RATHNAGIRI,DAPOLI,3,66,2,4,6
2001,BETELNUTS (ARECANUTS),MAHARASHTRA,RATHNAGIRI,DAPOLI,4,93,7,23,30
2001,BETELNUTS (ARECANUTS),MAHARASHTRA,RATHNAGIRI,DAPOLI,5,94,4,23,27
2001,BETELNUTS (ARECANUTS),MAHARASHTRA,RATHNAGIRI,DAPOLI,7.5,58,1,47,48
2001,BETELNUTS (ARECANUTS),MAHARASHTRA,RATHNAGIRI,DAPOLI,10,22,1,6,7
2001,BETELNUTS (ARECANUTS),MAHARASHTRA,RATHNAGIRI,DAPOLI,20,20,3,5,8
2001,BETELNUTS (ARECANUTS),MAHARASHTRA,RATHNAGIRI,DAPOLI,30,10,0,0,0
2001,CASHEWNUTS,MAHARASHTRA,RATHNAGIRI,DAPOLI,0.5,895,0,132,132
2001,CASHEWNUTS,MAHARASHTRA,RATHNAGIRI,DAPOLI,1,923,0,257,257
2001,CASHEWNUTS,MAHARASHTRA,RATHNAGIRI,DAPOLI,2,2179,4,571,574
2001,CASHEWNUTS,MAHARASHTRA,RATHNAGIRI,DAPOLI,3,1382,0,450,451
2001,CASHEWNUTS,MAHARASHTRA,RATHNAGIRI,DAPOLI,4,1448,0,713,713
2001,CASHEWNUTS,MAHARASHTRA,RATHNAGIRI,DAPOLI,5,965,0,581,581
2001,CASHEWNUTS,MAHARASHTRA,RATHNAGIRI,DAPOLI,7.5,994,0,641,641
2001,CASHEWNUTS,MAHARASHTRA,RATHNAGIRI,DAPOLI,10,274,0,187,187
2001,CASHEWNUTS,MAHARASHTRA,RATHNAGIRI,DAPOLI,20,188,0,155,155
2001,CASHEWNUTS,MAHARASHTRA,RATHNAGIRI,DAPOLI,30,136,0,437,437
2001,COCOA,MAHARASHTRA,RATHNAGIRI,DAPOLI,2,5,0,1,1
2001,COCOA,MAHARASHTRA,RATHNAGIRI,DAPOLI,7.5,4,0,0,0
2001,COCOA,MAHARASHTRA,RATHNAGIRI,DAPOLI,10,3,0,0,0
2001,COCONUT,MAHARASHTRA,RATHNAGIRI,DAPOLI,0.5,954,12,34,47
2001,COCONUT,MAHARASHTRA,RATHNAGIRI,DAPOLI,1,163,3,27,30
2001,COCONUT,MAHARASHTRA,RATHNAGIRI,DAPOLI,2,180,3,21,24
2001,COCONUT,MAHARASHTRA,RATHNAGIRI,DAPOLI,3,135,2,28,30
2001,COCONUT,MAHARASHTRA,RATHNAGIRI,DAPOLI,4,178,1,92,94
2001,COCONUT,MAHARASHTRA,RATHNAGIRI,DAPOLI,5,173,3,83,87
2001,COCONUT,MAHARASHTRA,RATHNAGIRI,DAPOLI,7.5,184,2,119,121
2001,COCONUT,MAHARASHTRA,RATHNAGIRI,DAPOLI,10,49,0,39,39
2001,COCONUT,MAHARASHTRA,RATHNAGIRI,DAPOLI,20,55,2,53,54
2001,COCONUT,MAHARASHTRA,RATHNAGIRI,DAPOLI,30,21,0,10,10
2001,FODDER & GREEN MANURES,MAHARASHTRA,RATHNAGIRI,DAPOLI,0.5,286,1,32,33
2001,FODDER & GREEN MANURES,MAHARASHTRA,RATHNAGIRI,DAPOLI,1,230,0,68,68
2001,FODDER & GREEN MANURES,MAHARASHTRA,RATHNAGIRI,DAPOLI,2,555,1,164,164
2001,FODDER & GREEN MANURES,MAHARASHTRA,RATHNAGIRI,DAPOLI,3,558,0,285,285
2001,FODDER & GREEN MANURES,MAHARASHTRA,RATHNAGIRI,DAPOLI,4,342,0,179,179
2001,FODDER & GREEN MANURES,MAHARASHTRA,RATHNAGIRI,DAPOLI,5,275,0,204,204
2001,FODDER & GREEN MANURES,MAHARASHTRA,RATHNAGIRI,DAPOLI,7.5,220,0,170,170
2001,FODDER & GREEN MANURES,MAHARASHTRA,RATHNAGIRI,DAPOLI,10,71,1,72,73
2001,FODDER & GREEN MANURES,MAHARASHTRA,RATHNAGIRI,DAPOLI,20,43,0,65,65
2001,FODDER & GREEN MANURES,MAHARASHTRA,RATHNAGIRI,DAPOLI,30,21,0,121,121
2001,GROUNDNUT,MAHARASHTRA,RATHNAGIRI,DAPOLI,0.5,6,0,0,0
2001,GROUNDNUT,MAHARASHTRA,RATHNAGIRI,DAPOLI,2,5,0,0,0
2001,JACK FRUITS,MAHARASHTRA,RATHNAGIRI,DAPOLI,0.5,17,0,1,1
2001,JACK FRUITS,MAHARASHTRA,RATHNAGIRI,DAPOLI,1,79,0,15,15
2001,JACK FRUITS,MAHARASHTRA,RATHNAGIRI,DAPOLI,2,346,0,93,93
2001,JACK FRUITS,MAHARASHTRA,RATHNAGIRI,DAPOLI,3,221,0,95,95
2001,JACK FRUITS,MAHARASHTRA,RATHNAGIRI,DAPOLI,4,371,0,192,192
2001,JACK FRUITS,MAHARASHTRA,RATHNAGIRI,DAPOLI,5,259,0,146,146
2001,JACK FRUITS,MAHARASHTRA,RATHNAGIRI,DAPOLI,7.5,315,0,197,197
2001,JACK FRUITS,MAHARASHTRA,RATHNAGIRI,DAPOLI,10,79,0,53,53
2001,JACK FRUITS,MAHARASHTRA,RATHNAGIRI,DAPOLI,20,56,0,46,46
2001,JACK FRUITS,MAHARASHTRA,RATHNAGIRI,DAPOLI,30,21,0,75,75
2001,JOWAR,MAHARASHTRA,RATHNAGIRI,DAPOLI,0.5,33,0,3,3
2001,JOWAR,MAHARASHTRA,RATHNAGIRI,DAPOLI,1,13,0,1,1
2001,JOWAR,MAHARASHTRA,RATHNAGIRI,DAPOLI,2,10,0,0,0
2001,JOWAR,MAHARASHTRA,RATHNAGIRI,DAPOLI,4,14,0,2,2
2001,JOWAR,MAHARASHTRA,RATHNAGIRI,DAPOLI,5,8,0,0,0
2001,JOWAR,MAHARASHTRA,RATHNAGIRI,DAPOLI,7.5,18,0,1,1
2001,JOWAR,MAHARASHTRA,RATHNAGIRI,DAPOLI,10,11,0,1,1
2001,JOWAR,MAHARASHTRA,RATHNAGIRI,DAPOLI,20,10,0,1,1
2001,JOWAR,MAHARASHTRA,RATHNAGIRI,DAPOLI,30,10,0,2,2
2001,LINSEED,MAHARASHTRA,RATHNAGIRI,DAPOLI,2,10,0,3,3
2001,LINSEED,MAHARASHTRA,RATHNAGIRI,DAPOLI,4,7,0,1,1
2001,LINSEED,MAHARASHTRA,RATHNAGIRI,DAPOLI,5,8,0,11,11
2001,LINSEED,MAHARASHTRA,RATHNAGIRI,DAPOLI,7.5,18,0,33,33
2001,LINSEED,MAHARASHTRA,RATHNAGIRI,DAPOLI,10,3,0,2,2
2001,MANGOES,MAHARASHTRA,RATHNAGIRI,DAPOLI,0.5,1381,0,193,193
2001,MANGOES,MAHARASHTRA,RATHNAGIRI,DAPOLI,1,1410,1,409,409
2001,MANGOES,MAHARASHTRA,RATHNAGIRI,DAPOLI,2,2224,0,692,692
2001,MANGOES,MAHARASHTRA,RATHNAGIRI,DAPOLI,3,1603,0,734,734
2001,MANGOES,MAHARASHTRA,RATHNAGIRI,DAPOLI,4,1813,0,1117,1117
2001,MANGOES,MAHARASHTRA,RATHNAGIRI,DAPOLI,5,1460,0,1056,1056
2001,MANGOES,MAHARASHTRA,RATHNAGIRI,DAPOLI,7.5,1309,9,1041,1050
2001,MANGOES,MAHARASHTRA,RATHNAGIRI,DAPOLI,10,388,0,459,459
2001,MANGOES,MAHARASHTRA,RATHNAGIRI,DAPOLI,20,221,0,288,288
2001,MANGOES,MAHARASHTRA,RATHNAGIRI,DAPOLI,30,136,0,284,284
2001,OTHER CEREALS,MAHARASHTRA,RATHNAGIRI,DAPOLI,0.5,28,0,2,2
2001,OTHER CEREALS,MAHARASHTRA,RATHNAGIRI,DAPOLI,1,93,0,18,18
2001,OTHER CEREALS,MAHARASHTRA,RATHNAGIRI,DAPOLI,2,238,0,72,72
2001,OTHER CEREALS,MAHARASHTRA,RATHNAGIRI,DAPOLI,3,246,0,183,183
2001,OTHER CEREALS,MAHARASHTRA,RATHNAGIRI,DAPOLI,4,150,0,54,54
2001,OTHER CEREALS,MAHARASHTRA,RATHNAGIRI,DAPOLI,5,110,0,22,22
2001,OTHER CEREALS,MAHARASHTRA,RATHNAGIRI,DAPOLI,7.5,67,0,27,27
2001,OTHER CEREALS,MAHARASHTRA,RATHNAGIRI,DAPOLI,10,16,0,16,16
2001,OTHER CEREALS,MAHARASHTRA,RATHNAGIRI,DAPOLI,20,18,0,4,4
2001,OTHER CEREALS,MAHARASHTRA,RATHNAGIRI,DAPOLI,30,21,0,56,56
2001,OTHER FODDER CROPS,MAHARASHTRA,RATHNAGIRI,DAPOLI,0.5,286,1,32,33
2001,OTHER FODDER CROPS,MAHARASHTRA,RATHNAGIRI,DAPOLI,1,230,0,68,68
2001,OTHER FODDER CROPS,MAHARASHTRA,RATHNAGIRI,DAPOLI,2,555,1,164,164
2001,OTHER FODDER CROPS,MAHARASHTRA,RATHNAGIRI,DAPOLI,3,558,0,285,285
2001,OTHER FODDER CROPS,MAHARASHTRA,RATHNAGIRI,DAPOLI,4,342,0,179,179
2001,OTHER FODDER CROPS,MAHARASHTRA,RATHNAGIRI,DAPOLI,5,275,0,204,204
2001,OTHER FODDER CROPS,MAHARASHTRA,RATHNAGIRI,DAPOLI,7.5,220,0,170,170
2001,OTHER FODDER CROPS,MAHARASHTRA,RATHNAGIRI,DAPOLI,10,71,1,72,73
2001,OTHER FODDER CROPS,MAHARASHTRA,RATHNAGIRI,DAPOLI,20,43,0,65,65
2001,OTHER FODDER CROPS,MAHARASHTRA,RATHNAGIRI,DAPOLI,30,21,0,121,121
2001,OTHER FOOD CROP,MAHARASHTRA,RATHNAGIRI,DAPOLI,0.5,17,0,0,0
2001,OTHER FOOD CROP,MAHARASHTRA,RATHNAGIRI,DAPOLI,10,8,0,1,1
2001,OTHER FOOD CROP,MAHARASHTRA,RATHNAGIRI,DAPOLI,20,2,0,1,1
2001,OTHER FRUITS,MAHARASHTRA,RATHNAGIRI,DAPOLI,0.5,6,0,0,0
2001,OTHER FRUITS,MAHARASHTRA,RATHNAGIRI,DAPOLI,7.5,4,0,0,0
2001,OTHER PLANTATION CROPS,MAHARASHTRA,RATHNAGIRI,DAPOLI,0.5,61,0,8,8
2001,OTHER PLANTATION CROPS,MAHARASHTRA,RATHNAGIRI,DAPOLI,1,49,0,20,20
2001,OTHER PLANTATION CROPS,MAHARASHTRA,RATHNAGIRI,DAPOLI,2,55,0,28,28
2001,OTHER PLANTATION CROPS,MAHARASHTRA,RATHNAGIRI,DAPOLI,3,23,0,28,28
2001,OTHER PLANTATION CROPS,MAHARASHTRA,RATHNAGIRI,DAPOLI,4,14,0,12,12
2001,OTHER PLANTATION CROPS,MAHARASHTRA,RATHNAGIRI,DAPOLI,5,24,0,22,22
2001,OTHER PLANTATION CROPS,MAHARASHTRA,RATHNAGIRI,DAPOLI,7.5,27,0,32,32
2001,OTHER PLANTATION CROPS,MAHARASHTRA,RATHNAGIRI,DAPOLI,10,11,0,20,20
2001,OTHER PLANTATION CROPS,MAHARASHTRA,RATHNAGIRI,DAPOLI,20,3,0,20,20
2001,OTHER SUGAR CROPS,MAHARASHTRA,RATHNAGIRI,DAPOLI,0.5,11,0,1,1
2001,OTHER SUGAR CROPS,MAHARASHTRA,RATHNAGIRI,DAPOLI,1,49,0,14,14
2001,OTHER SUGAR CROPS,MAHARASHTRA,RATHNAGIRI,DAPOLI,2,35,0,11,11
2001,OTHER SUGAR CROPS,MAHARASHTRA,RATHNAGIRI,DAPOLI,3,35,0,12,12
2001,OTHER SUGAR CROPS,MAHARASHTRA,RATHNAGIRI,DAPOLI,4,57,0,31,31
2001,OTHER SUGAR CROPS,MAHARASHTRA,RATHNAGIRI,DAPOLI,5,16,0,15,15
2001,OTHER SUGAR CROPS,MAHARASHTRA,RATHNAGIRI,DAPOLI,7.5,13,5,9,14
2001,OTHER SUGAR CROPS,MAHARASHTRA,RATHNAGIRI,DAPOLI,10,3,0,4,4
2001,OTHER VEGETABLES,MAHARASHTRA,RATHNAGIRI,DAPOLI,0.5,6,0,0,0
2001,OTHER VEGETABLES,MAHARASHTRA,RATHNAGIRI,DAPOLI,1,13,0,1,1
2001,OTHER VEGETABLES,MAHARASHTRA,RATHNAGIRI,DAPOLI,2,5,0,0,0
2001,OTHER VEGETABLES,MAHARASHTRA,RATHNAGIRI,DAPOLI,3,4,0,0,0
2001,OTHER VEGETABLES,MAHARASHTRA,RATHNAGIRI,DAPOLI,4,7,0,1,1
2001,OTHER VEGETABLES,MAHARASHTRA,RATHNAGIRI,DAPOLI,7.5,4,0,1,1
2001,PADDY,MAHARASHTRA,RATHNAGIRI,DAPOLI,0.5,9669,0,1254,1254
2001,PADDY,MAHARASHTRA,RATHNAGIRI,DAPOLI,1,4453,1,1426,1427
2001,PADDY,MAHARASHTRA,RATHNAGIRI,DAPOLI,2,6549,1,1896,1897
2001,PADDY,MAHARASHTRA,RATHNAGIRI,DAPOLI,3,3586,0,1610,1610
2001,PADDY,MAHARASHTRA,RATHNAGIRI,DAPOLI,4,3548,0,1912,1912
2001,PADDY,MAHARASHTRA,RATHNAGIRI,DAPOLI,5,2164,0,1318,1318
2001,PADDY,MAHARASHTRA,RATHNAGIRI,DAPOLI,7.5,1981,0,1356,1356
2001,PADDY,MAHARASHTRA,RATHNAGIRI,DAPOLI,10,575,0,445,445
2001,PADDY,MAHARASHTRA,RATHNAGIRI,DAPOLI,20,304,0,284,284
2001,PADDY,MAHARASHTRA,RATHNAGIRI,DAPOLI,30,198,0,1381,1381
2001,PAPAYA,MAHARASHTRA,RATHNAGIRI,DAPOLI,2,5,0,1,1
2001,PAPAYA,MAHARASHTRA,RATHNAGIRI,DAPOLI,3,4,0,0,0
2001,PEPPER (BLACK),MAHARASHTRA,RATHNAGIRI,DAPOLI,0.5,39,0,5,5
2001,PEPPER (BLACK),MAHARASHTRA,RATHNAGIRI,DAPOLI,1,13,0,3,3
2001,PEPPER (BLACK),MAHARASHTRA,RATHNAGIRI,DAPOLI,2,5,0,0,0
2001,PEPPER (BLACK),MAHARASHTRA,RATHNAGIRI,DAPOLI,4,14,0,11,11
2001,PEPPER (BLACK),MAHARASHTRA,RATHNAGIRI,DAPOLI,5,8,0,7,7
2001,PEPPER (BLACK),MAHARASHTRA,RATHNAGIRI,DAPOLI,7.5,9,0,12,12
2001,PEPPER (BLACK),MAHARASHTRA,RATHNAGIRI,DAPOLI,30,10,0,1,1
2001,RAGI,MAHARASHTRA,RATHNAGIRI,DAPOLI,0.5,2111,0,221,221
2001,RAGI,MAHARASHTRA,RATHNAGIRI,DAPOLI,1,1476,0,303,303
2001,RAGI,MAHARASHTRA,RATHNAGIRI,DAPOLI,2,2342,0,429,429
2001,RAGI,MAHARASHTRA,RATHNAGIRI,DAPOLI,3,1299,0,311,311
2001,RAGI,MAHARASHTRA,RATHNAGIRI,DAPOLI,4,1342,0,385,385
2001,RAGI,MAHARASHTRA,RATHNAGIRI,DAPOLI,5,871,0,379,379
2001,RAGI,MAHARASHTRA,RATHNAGIRI,DAPOLI,7.5,832,0,333,333
2001,RAGI,MAHARASHTRA,RATHNAGIRI,DAPOLI,10,225,0,95,95
2001,RAGI,MAHARASHTRA,RATHNAGIRI,DAPOLI,20,149,0,110,110
2001,RAGI,MAHARASHTRA,RATHNAGIRI,DAPOLI,30,52,0,107,107
2001,SESAMUM (TIL),MAHARASHTRA,RATHNAGIRI,DAPOLI,0.5,83,0,6,6
2001,SESAMUM (TIL),MAHARASHTRA,RATHNAGIRI,DAPOLI,1,62,0,11,11
2001,SESAMUM (TIL),MAHARASHTRA,RATHNAGIRI,DAPOLI,2,155,0,26,26
2001,SESAMUM (TIL),MAHARASHTRA,RATHNAGIRI,DAPOLI,3,81,0,20,20
2001,SESAMUM (TIL),MAHARASHTRA,RATHNAGIRI,DAPOLI,4,86,0,19,19
2001,SESAMUM (TIL),MAHARASHTRA,RATHNAGIRI,DAPOLI,5,63,0,29,29
2001,SESAMUM (TIL),MAHARASHTRA,RATHNAGIRI,DAPOLI,7.5,81,0,31,31
2001,SESAMUM (TIL),MAHARASHTRA,RATHNAGIRI,DAPOLI,10,30,0,42,42
2001,SESAMUM (TIL),MAHARASHTRA,RATHNAGIRI,DAPOLI,20,23,0,20,20
2001,SESAMUM (TIL),MAHARASHTRA,RATHNAGIRI,DAPOLI,30,21,0,1,1
2001,SMALL MILLETS,MAHARASHTRA,RATHNAGIRI,DAPOLI,20,2,0,1,1
2001,SOYABEAN,MAHARASHTRA,RATHNAGIRI,DAPOLI,0.5,11,0,0,0
2001,SOYABEAN,MAHARASHTRA,RATHNAGIRI,DAPOLI,4,7,0,2,2
2001,SUNFLOWER,MAHARASHTRA,RATHNAGIRI,DAPOLI,0.5,17,0,1,1
2001,SUNFLOWER,MAHARASHTRA,RATHNAGIRI,DAPOLI,1,4,1,0,1
2001,SUNFLOWER,MAHARASHTRA,RATHNAGIRI,DAPOLI,3,4,0,1,1
2001,SUNFLOWER,MAHARASHTRA,RATHNAGIRI,DAPOLI,7.5,9,0,0,1
2001,TOTAL FOOD CROP,MAHARASHTRA,RATHNAGIRI,DAPOLI,0.5,12097,18,1841,1858
2001,TOTAL FOOD CROP,MAHARASHTRA,RATHNAGIRI,DAPOLI,1,5365,12,2462,2474
2001,TOTAL FOOD CROP,MAHARASHTRA,RATHNAGIRI,DAPOLI,2,7265,8,3817,3825
2001,TOTAL FOOD CROP,MAHARASHTRA,RATHNAGIRI,DAPOLI,3,3779,2,3423,3425
2001,TOTAL FOOD CROP,MAHARASHTRA,RATHNAGIRI,DAPOLI,4,3876,7,4514,4520
2001,TOTAL FOOD CROP,MAHARASHTRA,RATHNAGIRI,DAPOLI,5,2360,4,3607,3611
2001,TOTAL FOOD CROP,MAHARASHTRA,RATHNAGIRI,DAPOLI,7.5,2156,15,3713,3728
2001,TOTAL FOOD CROP,MAHARASHTRA,RATHNAGIRI,DAPOLI,10,605,1,1311,1312
2001,TOTAL FOOD CROP,MAHARASHTRA,RATHNAGIRI,DAPOLI,20,310,3,907,909
2001,TOTAL FOOD CROP,MAHARASHTRA,RATHNAGIRI,DAPOLI,30,208,0,2343,2343
2001,TOTAL FOODGRAINS,MAHARASHTRA,RATHNAGIRI,DAPOLI,0.5,10580,1,1484,1485
2001,TOTAL FOODGRAINS,MAHARASHTRA,RATHNAGIRI,DAPOLI,1,4781,1,1750,1751
2001,TOTAL FOODGRAINS,MAHARASHTRA,RATHNAGIRI,DAPOLI,2,6719,1,2421,2422
2001,TOTAL FOODGRAINS,MAHARASHTRA,RATHNAGIRI,DAPOLI,3,3667,0,2109,2109
2001,TOTAL FOODGRAINS,MAHARASHTRA,RATHNAGIRI,DAPOLI,4,3648,0,2368,2368
2001,TOTAL FOODGRAINS,MAHARASHTRA,RATHNAGIRI,DAPOLI,5,2203,0,1723,1723
2001,TOTAL FOODGRAINS,MAHARASHTRA,RATHNAGIRI,DAPOLI,7.5,2021,0,1744,1744
2001,TOTAL FOODGRAINS,MAHARASHTRA,RATHNAGIRI,DAPOLI,10,581,0,578,578
2001,TOTAL FOODGRAINS,MAHARASHTRA,RATHNAGIRI,DAPOLI,20,305,0,409,409
2001,TOTAL FOODGRAINS,MAHARASHTRA,RATHNAGIRI,DAPOLI,30,198,0,1546,1546
2001,TOTAL FRUITS,MAHARASHTRA,RATHNAGIRI,DAPOLI,0.5,2248,0,330,330
2001,TOTAL FRUITS,MAHARASHTRA,RATHNAGIRI,DAPOLI,1,2081,1,681,681
2001,TOTAL FRUITS,MAHARASHTRA,RATHNAGIRI,DAPOLI,2,3624,4,1356,1360
2001,TOTAL FRUITS,MAHARASHTRA,RATHNAGIRI,DAPOLI,3,2414,1,1280,1280
2001,TOTAL FRUITS,MAHARASHTRA,RATHNAGIRI,DAPOLI,4,2447,0,2025,2025
2001,TOTAL FRUITS,MAHARASHTRA,RATHNAGIRI,DAPOLI,5,1712,0,1784,1784
2001,TOTAL FRUITS,MAHARASHTRA,RATHNAGIRI,DAPOLI,7.5,1660,9,1882,1892
2001,TOTAL FRUITS,MAHARASHTRA,RATHNAGIRI,DAPOLI,10,437,0,703,703
2001,TOTAL FRUITS,MAHARASHTRA,RATHNAGIRI,DAPOLI,20,259,0,489,489
2001,TOTAL FRUITS,MAHARASHTRA,RATHNAGIRI,DAPOLI,30,157,0,796,796
2001,TOTAL NON-FOOD CROPS,MAHARASHTRA,RATHNAGIRI,DAPOLI,0.5,1395,14,82,95
2001,TOTAL NON-FOOD CROPS,MAHARASHTRA,RATHNAGIRI,DAPOLI,1,490,4,126,130
2001,TOTAL NON-FOOD CROPS,MAHARASHTRA,RATHNAGIRI,DAPOLI,2,881,3,242,245
2001,TOTAL NON-FOOD CROPS,MAHARASHTRA,RATHNAGIRI,DAPOLI,3,775,2,363,365
2001,TOTAL NON-FOOD CROPS,MAHARASHTRA,RATHNAGIRI,DAPOLI,4,599,1,305,306
2001,TOTAL NON-FOOD CROPS,MAHARASHTRA,RATHNAGIRI,DAPOLI,5,455,3,349,353
2001,TOTAL NON-FOOD CROPS,MAHARASHTRA,RATHNAGIRI,DAPOLI,7.5,499,2,385,388
2001,TOTAL NON-FOOD CROPS,MAHARASHTRA,RATHNAGIRI,DAPOLI,10,136,1,175,176
2001,TOTAL NON-FOOD CROPS,MAHARASHTRA,RATHNAGIRI,DAPOLI,20,108,2,158,160
2001,TOTAL NON-FOOD CROPS,MAHARASHTRA,RATHNAGIRI,DAPOLI,30,63,0,132,132
2001,TOTAL OILSEEDS,MAHARASHTRA,RATHNAGIRI,DAPOLI,0.5,1070,12,42,54
2001,TOTAL OILSEEDS,MAHARASHTRA,RATHNAGIRI,DAPOLI,1,225,4,38,42
2001,TOTAL OILSEEDS,MAHARASHTRA,RATHNAGIRI,DAPOLI,2,351,3,50,53
2001,TOTAL OILSEEDS,MAHARASHTRA,RATHNAGIRI,DAPOLI,3,213,2,49,51
2001,TOTAL OILSEEDS,MAHARASHTRA,RATHNAGIRI,DAPOLI,4,278,1,114,115
2001,TOTAL OILSEEDS,MAHARASHTRA,RATHNAGIRI,DAPOLI,5,243,3,123,127
2001,TOTAL OILSEEDS,MAHARASHTRA,RATHNAGIRI,DAPOLI,7.5,288,2,183,186
2001,TOTAL OILSEEDS,MAHARASHTRA,RATHNAGIRI,DAPOLI,10,79,0,83,83
2001,TOTAL OILSEEDS,MAHARASHTRA,RATHNAGIRI,DAPOLI,20,73,2,73,74
2001,TOTAL OILSEEDS,MAHARASHTRA,RATHNAGIRI,DAPOLI,30,42,0,11,11
2001,TOTAL OTHER FOOD CROP,MAHARASHTRA,RATHNAGIRI,DAPOLI,0.5,17,0,0,0
2001,TOTAL OTHER FOOD CROP,MAHARASHTRA,RATHNAGIRI,DAPOLI,10,8,0,1,1
2001,TOTAL OTHER FOOD CROP,MAHARASHTRA,RATHNAGIRI,DAPOLI,20,2,0,1,1
2001,TOTAL PLANTATION CROPS,MAHARASHTRA,RATHNAGIRI,DAPOLI,0.5,61,0,8,8
2001,TOTAL PLANTATION CROPS,MAHARASHTRA,RATHNAGIRI,DAPOLI,1,49,0,20,20
2001,TOTAL PLANTATION CROPS,MAHARASHTRA,RATHNAGIRI,DAPOLI,2,55,0,28,28
2001,TOTAL PLANTATION CROPS,MAHARASHTRA,RATHNAGIRI,DAPOLI,3,23,0,28,28
2001,TOTAL PLANTATION CROPS,MAHARASHTRA,RATHNAGIRI,DAPOLI,4,14,0,12,12
2001,TOTAL PLANTATION CROPS,MAHARASHTRA,RATHNAGIRI,DAPOLI,5,24,0,22,22
2001,TOTAL PLANTATION CROPS,MAHARASHTRA,RATHNAGIRI,DAPOLI,7.5,27,0,32,32
2001,TOTAL PLANTATION CROPS,MAHARASHTRA,RATHNAGIRI,DAPOLI,10,11,0,20,20
2001,TOTAL PLANTATION CROPS,MAHARASHTRA,RATHNAGIRI,DAPOLI,20,3,0,20,20
2001,TOTAL PULSES,MAHARASHTRA,RATHNAGIRI,DAPOLI,0.5,28,0,3,3
2001,TOTAL PULSES,MAHARASHTRA,RATHNAGIRI,DAPOLI,1,31,0,4,4
2001,TOTAL PULSES,MAHARASHTRA,RATHNAGIRI,DAPOLI,2,30,0,10,10
2001,TOTAL PULSES,MAHARASHTRA,RATHNAGIRI,DAPOLI,3,19,0,2,2
2001,TOTAL PULSES,MAHARASHTRA,RATHNAGIRI,DAPOLI,4,21,0,8,8
2001,TOTAL PULSES,MAHARASHTRA,RATHNAGIRI,DAPOLI,5,16,0,4,4
2001,TOTAL PULSES,MAHARASHTRA,RATHNAGIRI,DAPOLI,7.5,9,0,17,17
2001,TOTAL PULSES,MAHARASHTRA,RATHNAGIRI,DAPOLI,10,8,0,20,20
2001,TOTAL PULSES,MAHARASHTRA,RATHNAGIRI,DAPOLI,20,7,0,9,9
2001,TOTAL SPICES & CONDIMENTS,MAHARASHTRA,RATHNAGIRI,DAPOLI,0.5,627,17,25,42
2001,TOTAL SPICES & CONDIMENTS,MAHARASHTRA,RATHNAGIRI,DAPOLI,1,155,10,16,26
2001,TOTAL SPICES & CONDIMENTS,MAHARASHTRA,RATHNAGIRI,DAPOLI,2,165,3,29,32
2001,TOTAL SPICES & CONDIMENTS,MAHARASHTRA,RATHNAGIRI,DAPOLI,3,112,2,21,23
2001,TOTAL SPICES & CONDIMENTS,MAHARASHTRA,RATHNAGIRI,DAPOLI,4,207,7,89,96
2001,TOTAL SPICES & CONDIMENTS,MAHARASHTRA,RATHNAGIRI,DAPOLI,5,157,4,85,89
2001,TOTAL SPICES & CONDIMENTS,MAHARASHTRA,RATHNAGIRI,DAPOLI,7.5,108,1,76,77
2001,TOTAL SPICES & CONDIMENTS,MAHARASHTRA,RATHNAGIRI,DAPOLI,10,49,1,25,26
2001,TOTAL SPICES & CONDIMENTS,MAHARASHTRA,RATHNAGIRI,DAPOLI,20,23,3,7,10
2001,TOTAL SPICES & CONDIMENTS,MAHARASHTRA,RATHNAGIRI,DAPOLI,30,21,0,1,1
2001,TOTAL SUGAR CROPS,MAHARASHTRA,RATHNAGIRI,DAPOLI,0.5,11,0,1,1
2001,TOTAL SUGAR CROPS,MAHARASHTRA,RATHNAGIRI,DAPOLI,1,49,0,14,14
2001,TOTAL SUGAR CROPS,MAHARASHTRA,RATHNAGIRI,DAPOLI,2,35,0,11,11
2001,TOTAL SUGAR CROPS,MAHARASHTRA,RATHNAGIRI,DAPOLI,3,35,0,12,12
2001,TOTAL SUGAR CROPS,MAHARASHTRA,RATHNAGIRI,DAPOLI,4,57,0,31,31
2001,TOTAL SUGAR CROPS,MAHARASHTRA,RATHNAGIRI,DAPOLI,5,16,0,15,15
2001,TOTAL SUGAR CROPS,MAHARASHTRA,RATHNAGIRI,DAPOLI,7.5,13,5,9,14
2001,TOTAL SUGAR CROPS,MAHARASHTRA,RATHNAGIRI,DAPOLI,10,3,0,4,4
2001,URAD,MAHARASHTRA,RATHNAGIRI,DAPOLI,0.5,22,0,3,3
2001,URAD,MAHARASHTRA,RATHNAGIRI,DAPOLI,1,31,0,4,4
2001,URAD,MAHARASHTRA,RATHNAGIRI,DAPOLI,2,30,0,10,10
2001,URAD,MAHARASHTRA,RATHNAGIRI,DAPOLI,3,19,0,2,2
2001,URAD,MAHARASHTRA,RATHNAGIRI,DAPOLI,4,21,0,8,8
2001,URAD,MAHARASHTRA,RATHNAGIRI,DAPOLI,5,16,0,4,4
2001,URAD,MAHARASHTRA,RATHNAGIRI,DAPOLI,7.5,9,0,17,17
2001,URAD,MAHARASHTRA,RATHNAGIRI,DAPOLI,10,8,0,20,20
2001,URAD,MAHARASHTRA,RATHNAGIRI,DAPOLI,20,7,0,9,9
2001,WHEAT,MAHARASHTRA,RATHNAGIRI,DAPOLI,0.5,33,0,2,2
2001,WHEAT,MAHARASHTRA,RATHNAGIRI,DAPOLI,2,30,0,13,13
2001,WHEAT,MAHARASHTRA,RATHNAGIRI,DAPOLI,3,4,0,1,1
2001,WHEAT,MAHARASHTRA,RATHNAGIRI,DAPOLI,4,7,0,7,7
2001,WHEAT,MAHARASHTRA,RATHNAGIRI,DAPOLI,7.5,9,0,10,10
2001,WHEAT,MAHARASHTRA,RATHNAGIRI,DAPOLI,20,2,0,1,1
2011,ALL VEGETABLES,MAHARASHTRA,RATHNAGIRI,DAPOLI,0.5,1694,341,0,341
2011,ALL VEGETABLES,MAHARASHTRA,RATHNAGIRI,DAPOLI,1,645,455,0,455
2011,ALL VEGETABLES,MAHARASHTRA,RATHNAGIRI,DAPOLI,2,620,859,0,859
2011,ALL VEGETABLES,MAHARASHTRA,RATHNAGIRI,DAPOLI,3,244,604,0,604
2011,ALL VEGETABLES,MAHARASHTRA,RATHNAGIRI,DAPOLI,4,121,409,0,409
2011,ALL VEGETABLES,MAHARASHTRA,RATHNAGIRI,DAPOLI,5,61,270,0,270
2011,ALL VEGETABLES,MAHARASHTRA,RATHNAGIRI,DAPOLI,7.5,108,659,0,659
2011,ALL VEGETABLES,MAHARASHTRA,RATHNAGIRI,DAPOLI,10,31,282,0,282
2011,ALL VEGETABLES,MAHARASHTRA,RATHNAGIRI,DAPOLI,20,14,180,0,180
2011,BAJRA,MAHARASHTRA,RATHNAGIRI,DAPOLI,0.5,5,0,0,0
2011,BANANA,MAHARASHTRA,RATHNAGIRI,DAPOLI,0.5,3064,702,0,702
2011,BANANA,MAHARASHTRA,RATHNAGIRI,DAPOLI,1,1405,992,0,992
2011,BANANA,MAHARASHTRA,RATHNAGIRI,DAPOLI,2,1009,1426,0,1426
2011,BANANA,MAHARASHTRA,RATHNAGIRI,DAPOLI,3,499,1223,0,1223
2011,BANANA,MAHARASHTRA,RATHNAGIRI,DAPOLI,4,243,821,0,821
2011,BANANA,MAHARASHTRA,RATHNAGIRI,DAPOLI,5,129,566,0,566
2011,BANANA,MAHARASHTRA,RATHNAGIRI,DAPOLI,7.5,197,1183,0,1183
2011,BANANA,MAHARASHTRA,RATHNAGIRI,DAPOLI,10,63,535,0,535
2011,BANANA,MAHARASHTRA,RATHNAGIRI,DAPOLI,20,39,461,0,461
2011,BEETLVINE,MAHARASHTRA,RATHNAGIRI,DAPOLI,0.5,9,0,2,2
2011,BEETLVINE,MAHARASHTRA,RATHNAGIRI,DAPOLI,3,5,0,12,12
2011,BETELNUTS (ARECANUTS),MAHARASHTRA,RATHNAGIRI,DAPOLI,0.5,109,7,8,16
2011,BETELNUTS (ARECANUTS),MAHARASHTRA,RATHNAGIRI,DAPOLI,1,25,10,0,10
2011,BETELNUTS (ARECANUTS),MAHARASHTRA,RATHNAGIRI,DAPOLI,2,10,1,6,7
2011,BETELNUTS (ARECANUTS),MAHARASHTRA,RATHNAGIRI,DAPOLI,3,16,2,4,6
2011,BETELNUTS (ARECANUTS),MAHARASHTRA,RATHNAGIRI,DAPOLI,4,17,1,11,12
2011,BETELNUTS (ARECANUTS),MAHARASHTRA,RATHNAGIRI,DAPOLI,5,5,2,0,2
2011,CASHEWNUTS,MAHARASHTRA,RATHNAGIRI,DAPOLI,0.5,7063,350,843,1193
2011,CASHEWNUTS,MAHARASHTRA,RATHNAGIRI,DAPOLI,1,1444,419,399,818
2011,CASHEWNUTS,MAHARASHTRA,RATHNAGIRI,DAPOLI,2,922,962,192,1154
2011,CASHEWNUTS,MAHARASHTRA,RATHNAGIRI,DAPOLI,3,407,767,88,855
2011,CASHEWNUTS,MAHARASHTRA,RATHNAGIRI,DAPOLI,4,175,518,45,563
2011,CASHEWNUTS,MAHARASHTRA,RATHNAGIRI,DAPOLI,5,110,431,23,453
2011,CASHEWNUTS,MAHARASHTRA,RATHNAGIRI,DAPOLI,7.5,189,1051,79,1130
2011,CASHEWNUTS,MAHARASHTRA,RATHNAGIRI,DAPOLI,10,59,406,57,463
2011,CASHEWNUTS,MAHARASHTRA,RATHNAGIRI,DAPOLI,20,90,1169,112,1281
2011,CASHEWNUTS,MAHARASHTRA,RATHNAGIRI,DAPOLI,30,36,874,120,994
2011,COCONUT,MAHARASHTRA,RATHNAGIRI,DAPOLI,0.5,28,0,4,4
2011,COCONUT,MAHARASHTRA,RATHNAGIRI,DAPOLI,1,44,3,2,4
2011,COCONUT,MAHARASHTRA,RATHNAGIRI,DAPOLI,2,5,5,0,5
2011,FODDER & GREEN MANURES,MAHARASHTRA,RATHNAGIRI,DAPOLI,0.5,9953,561,1279,1840
2011,FODDER & GREEN MANURES,MAHARASHTRA,RATHNAGIRI,DAPOLI,1,2148,830,661,1491
2011,FODDER & GREEN MANURES,MAHARASHTRA,RATHNAGIRI,DAPOLI,2,1337,1451,396,1847
2011,FODDER & GREEN MANURES,MAHARASHTRA,RATHNAGIRI,DAPOLI,3,546,1089,238,1327
2011,FODDER & GREEN MANURES,MAHARASHTRA,RATHNAGIRI,DAPOLI,4,284,856,113,969
2011,FODDER & GREEN MANURES,MAHARASHTRA,RATHNAGIRI,DAPOLI,5,129,510,43,554
2011,FODDER & GREEN MANURES,MAHARASHTRA,RATHNAGIRI,DAPOLI,7.5,154,854,55,909
2011,FODDER & GREEN MANURES,MAHARASHTRA,RATHNAGIRI,DAPOLI,10,76,558,57,615
2011,FODDER & GREEN MANURES,MAHARASHTRA,RATHNAGIRI,DAPOLI,20,42,401,147,547
2011,FODDER & GREEN MANURES,MAHARASHTRA,RATHNAGIRI,DAPOLI,30,7,122,120,242
2011,GRAM,MAHARASHTRA,RATHNAGIRI,DAPOLI,0.5,2357,554,0,554
2011,GRAM,MAHARASHTRA,RATHNAGIRI,DAPOLI,1,952,676,0,676
2011,GRAM,MAHARASHTRA,RATHNAGIRI,DAPOLI,2,883,1277,0,1277
2011,GRAM,MAHARASHTRA,RATHNAGIRI,DAPOLI,3,362,893,0,893
2011,GRAM,MAHARASHTRA,RATHNAGIRI,DAPOLI,4,227,797,0,797
2011,GRAM,MAHARASHTRA,RATHNAGIRI,DAPOLI,5,109,489,0,489
2011,GRAM,MAHARASHTRA,RATHNAGIRI,DAPOLI,7.5,109,651,0,651
2011,GRAM,MAHARASHTRA,RATHNAGIRI,DAPOLI,10,46,384,0,384
2011,GRAM,MAHARASHTRA,RATHNAGIRI,DAPOLI,20,92,1191,0,1191
2011,GRAM,MAHARASHTRA,RATHNAGIRI,DAPOLI,30,10,228,0,228
2011,GROUNDNUT,MAHARASHTRA,RATHNAGIRI,DAPOLI,0.5,1942,505,0,505
2011,GROUNDNUT,MAHARASHTRA,RATHNAGIRI,DAPOLI,1,1124,821,0,821
2011,GROUNDNUT,MAHARASHTRA,RATHNAGIRI,DAPOLI,2,979,1411,0,1411
2011,GROUNDNUT,MAHARASHTRA,RATHNAGIRI,DAPOLI,3,307,752,0,752
2011,GROUNDNUT,MAHARASHTRA,RATHNAGIRI,DAPOLI,4,169,587,0,587
2011,GROUNDNUT,MAHARASHTRA,RATHNAGIRI,DAPOLI,5,120,535,0,535
2011,GROUNDNUT,MAHARASHTRA,RATHNAGIRI,DAPOLI,7.5,113,671,0,671
2011,GROUNDNUT,MAHARASHTRA,RATHNAGIRI,DAPOLI,10,42,367,0,367
2011,GROUNDNUT,MAHARASHTRA,RATHNAGIRI,DAPOLI,20,29,359,0,359
2011,GROUNDNUT,MAHARASHTRA,RATHNAGIRI,DAPOLI,30,5,145,0,145
2011,JOWAR,MAHARASHTRA,RATHNAGIRI,DAPOLI,0.5,38,0,3,3
2011,JOWAR,MAHARASHTRA,RATHNAGIRI,DAPOLI,1,10,0,2,2
2011,MANGOES,MAHARASHTRA,RATHNAGIRI,DAPOLI,0.5,4323,535,348,882
2011,MANGOES,MAHARASHTRA,RATHNAGIRI,DAPOLI,1,1573,701,277,977
2011,MANGOES,MAHARASHTRA,RATHNAGIRI,DAPOLI,2,1204,1371,223,1594
2011,MANGOES,MAHARASHTRA,RATHNAGIRI,DAPOLI,3,596,1235,139,1374
2011,MANGOES,MAHARASHTRA,RATHNAGIRI,DAPOLI,4,333,1057,38,1094
2011,MANGOES,MAHARASHTRA,RATHNAGIRI,DAPOLI,5,216,927,20,947
2011,MANGOES,MAHARASHTRA,RATHNAGIRI,DAPOLI,7.5,113,640,5,646
2011,MANGOES,MAHARASHTRA,RATHNAGIRI,DAPOLI,10,51,417,0,417
2011,MANGOES,MAHARASHTRA,RATHNAGIRI,DAPOLI,20,73,875,35,910
2011,MANGOES,MAHARASHTRA,RATHNAGIRI,DAPOLI,30,5,343,0,343
2011,MOSAMBI,MAHARASHTRA,RATHNAGIRI,DAPOLI,0.5,5,0,0,0
2011,MOSAMBI,MAHARASHTRA,RATHNAGIRI,DAPOLI,1,5,0,0,0
2011,ONION,MAHARASHTRA,RATHNAGIRI,DAPOLI,0.5,1694,341,0,341
2011,ONION,MAHARASHTRA,RATHNAGIRI,DAPOLI,1,645,455,0,455
2011,ONION,MAHARASHTRA,RATHNAGIRI,DAPOLI,2,620,859,0,859
2011,ONION,MAHARASHTRA,RATHNAGIRI,DAPOLI,3,244,604,0,604
2011,ONION,MAHARASHTRA,RATHNAGIRI,DAPOLI,4,121,409,0,409
2011,ONION,MAHARASHTRA,RATHNAGIRI,DAPOLI,5,61,270,0,270
2011,ONION,MAHARASHTRA,RATHNAGIRI,DAPOLI,7.5,108,659,0,659
2011,ONION,MAHARASHTRA,RATHNAGIRI,DAPOLI,10,31,282,0,282
2011,ONION,MAHARASHTRA,RATHNAGIRI,DAPOLI,20,14,180,0,180
2011,OTHER FODDER CROPS,MAHARASHTRA,RATHNAGIRI,DAPOLI,0.5,9953,561,1279,1840
2011,OTHER FODDER CROPS,MAHARASHTRA,RATHNAGIRI,DAPOLI,1,2148,830,661,1491
2011,OTHER FODDER CROPS,MAHARASHTRA,RATHNAGIRI,DAPOLI,2,1337,1451,396,1847
2011,OTHER FODDER CROPS,MAHARASHTRA,RATHNAGIRI,DAPOLI,3,546,1089,238,1327
2011,OTHER FODDER CROPS,MAHARASHTRA,RATHNAGIRI,DAPOLI,4,284,856,113,969
2011,OTHER FODDER CROPS,MAHARASHTRA,RATHNAGIRI,DAPOLI,5,129,510,43,554
2011,OTHER FODDER CROPS,MAHARASHTRA,RATHNAGIRI,DAPOLI,7.5,155,854,55,909
2011,OTHER FODDER CROPS,MAHARASHTRA,RATHNAGIRI,DAPOLI,10,76,558,57,615
2011,OTHER FODDER CROPS,MAHARASHTRA,RATHNAGIRI,DAPOLI,20,42,401,147,547
2011,OTHER FODDER CROPS,MAHARASHTRA,RATHNAGIRI,DAPOLI,30,7,122,120,242
2011,PADDY,MAHARASHTRA,RATHNAGIRI,DAPOLI,0.5,2140,502,0,502
2011,PADDY,MAHARASHTRA,RATHNAGIRI,DAPOLI,1,1001,701,4,704
2011,PADDY,MAHARASHTRA,RATHNAGIRI,DAPOLI,2,748,1063,0,1063
2011,PADDY,MAHARASHTRA,RATHNAGIRI,DAPOLI,3,368,865,0,865
2011,PADDY,MAHARASHTRA,RATHNAGIRI,DAPOLI,4,194,615,0,615
2011,PADDY,MAHARASHTRA,RATHNAGIRI,DAPOLI,5,89,395,0,395
2011,PADDY,MAHARASHTRA,RATHNAGIRI,DAPOLI,7.5,168,1020,0,1020
2011,PADDY,MAHARASHTRA,RATHNAGIRI,DAPOLI,10,68,568,0,568
2011,PADDY,MAHARASHTRA,RATHNAGIRI,DAPOLI,20,19,265,0,265
2011,RAGI,MAHARASHTRA,RATHNAGIRI,DAPOLI,0.5,2008,219,145,364
2011,RAGI,MAHARASHTRA,RATHNAGIRI,DAPOLI,1,753,414,55,469
2011,RAGI,MAHARASHTRA,RATHNAGIRI,DAPOLI,2,720,901,19,920
2011,RAGI,MAHARASHTRA,RATHNAGIRI,DAPOLI,3,348,809,6,814
2011,RAGI,MAHARASHTRA,RATHNAGIRI,DAPOLI,4,98,311,20,331
2011,RAGI,MAHARASHTRA,RATHNAGIRI,DAPOLI,5,85,354,1,355
2011,RAGI,MAHARASHTRA,RATHNAGIRI,DAPOLI,7.5,69,401,0,401
2011,RAGI,MAHARASHTRA,RATHNAGIRI,DAPOLI,10,31,268,0,268
2011,RAGI,MAHARASHTRA,RATHNAGIRI,DAPOLI,20,10,111,0,111
2011,SUNFLOWER,MAHARASHTRA,RATHNAGIRI,DAPOLI,0.5,9,3,0,3
2011,TOTAL FOODGRAINS,MAHARASHTRA,RATHNAGIRI,DAPOLI,0.5,6696,1306,149,1455
2011,TOTAL FOODGRAINS,MAHARASHTRA,RATHNAGIRI,DAPOLI,1,2762,1825,60,1885
2011,TOTAL FOODGRAINS,MAHARASHTRA,RATHNAGIRI,DAPOLI,2,2370,3267,19,3286
2011,TOTAL FOODGRAINS,MAHARASHTRA,RATHNAGIRI,DAPOLI,3,1082,2580,6,2585
2011,TOTAL FOODGRAINS,MAHARASHTRA,RATHNAGIRI,DAPOLI,4,539,1804,20,1824
2011,TOTAL FOODGRAINS,MAHARASHTRA,RATHNAGIRI,DAPOLI,5,292,1279,1,1280
2011,TOTAL FOODGRAINS,MAHARASHTRA,RATHNAGIRI,DAPOLI,7.5,360,2171,0,2171
2011,TOTAL FOODGRAINS,MAHARASHTRA,RATHNAGIRI,DAPOLI,10,145,1220,0,1220
2011,TOTAL FOODGRAINS,MAHARASHTRA,RATHNAGIRI,DAPOLI,20,121,1567,0,1567
2011,TOTAL FOODGRAINS,MAHARASHTRA,RATHNAGIRI,DAPOLI,30,10,228,0,228
2011,TOTAL FRUITS,MAHARASHTRA,RATHNAGIRI,DAPOLI,0.5,13995,1586,1191,2777
2011,TOTAL FRUITS,MAHARASHTRA,RATHNAGIRI,DAPOLI,1,4079,2111,676,2787
2011,TOTAL FRUITS,MAHARASHTRA,RATHNAGIRI,DAPOLI,2,2987,3759,415,4174
2011,TOTAL FRUITS,MAHARASHTRA,RATHNAGIRI,DAPOLI,3,1448,3225,227,3452
2011,TOTAL FRUITS,MAHARASHTRA,RATHNAGIRI,DAPOLI,4,734,2396,82,2479
2011,TOTAL FRUITS,MAHARASHTRA,RATHNAGIRI,DAPOLI,5,454,1924,42,1966
2011,TOTAL FRUITS,MAHARASHTRA,RATHNAGIRI,DAPOLI,7.5,493,2874,85,2959
2011,TOTAL FRUITS,MAHARASHTRA,RATHNAGIRI,DAPOLI,10,172,1359,57,1415
2011,TOTAL FRUITS,MAHARASHTRA,RATHNAGIRI,DAPOLI,20,196,2506,147,2652
2011,TOTAL FRUITS,MAHARASHTRA,RATHNAGIRI,DAPOLI,30,41,1217,120,1337
2011,TOTAL NON-FOOD CROPS,MAHARASHTRA,RATHNAGIRI,DAPOLI,0.5,11908,1069,1283,2352
2011,TOTAL NON-FOOD CROPS,MAHARASHTRA,RATHNAGIRI,DAPOLI,1,3296,1654,663,2317
2011,TOTAL NON-FOOD CROPS,MAHARASHTRA,RATHNAGIRI,DAPOLI,2,2320,2868,396,3263
2011,TOTAL NON-FOOD CROPS,MAHARASHTRA,RATHNAGIRI,DAPOLI,3,853,1841,238,2079
2011,TOTAL NON-FOOD CROPS,MAHARASHTRA,RATHNAGIRI,DAPOLI,4,452,1444,113,1557
2011,TOTAL NON-FOOD CROPS,MAHARASHTRA,RATHNAGIRI,DAPOLI,5,249,1045,43,1088
2011,TOTAL NON-FOOD CROPS,MAHARASHTRA,RATHNAGIRI,DAPOLI,7.5,268,1525,55,1580
2011,TOTAL NON-FOOD CROPS,MAHARASHTRA,RATHNAGIRI,DAPOLI,10,118,925,57,982
2011,TOTAL NON-FOOD CROPS,MAHARASHTRA,RATHNAGIRI,DAPOLI,20,71,760,147,907
2011,TOTAL NON-FOOD CROPS,MAHARASHTRA,RATHNAGIRI,DAPOLI,30,12,267,120,387
2011,TOTAL OILSEEDS,MAHARASHTRA,RATHNAGIRI,DAPOLI,0.5,1979,508,4,512
2011,TOTAL OILSEEDS,MAHARASHTRA,RATHNAGIRI,DAPOLI,1,1173,824,2,826
2011,TOTAL OILSEEDS,MAHARASHTRA,RATHNAGIRI,DAPOLI,2,984,1416,0,1416
2011,TOTAL OILSEEDS,MAHARASHTRA,RATHNAGIRI,DAPOLI,3,307,752,0,752
2011,TOTAL OILSEEDS,MAHARASHTRA,RATHNAGIRI,DAPOLI,4,169,587,0,587
2011,TOTAL OILSEEDS,MAHARASHTRA,RATHNAGIRI,DAPOLI,5,120,535,0,535
2011,TOTAL OILSEEDS,MAHARASHTRA,RATHNAGIRI,DAPOLI,7.5,113,671,0,671
2011,TOTAL OILSEEDS,MAHARASHTRA,RATHNAGIRI,DAPOLI,10,42,367,0,367
2011,TOTAL OILSEEDS,MAHARASHTRA,RATHNAGIRI,DAPOLI,20,29,359,0,359
2011,TOTAL OILSEEDS,MAHARASHTRA,RATHNAGIRI,DAPOLI,30,5,145,0,145
2011,TOTAL PULSES,MAHARASHTRA,RATHNAGIRI,DAPOLI,0.5,2516,586,0,586
2011,TOTAL PULSES,MAHARASHTRA,RATHNAGIRI,DAPOLI,1,1003,711,0,711
2011,TOTAL PULSES,MAHARASHTRA,RATHNAGIRI,DAPOLI,2,902,1303,0,1303
2011,TOTAL PULSES,MAHARASHTRA,RATHNAGIRI,DAPOLI,3,367,906,0,906
2011,TOTAL PULSES,MAHARASHTRA,RATHNAGIRI,DAPOLI,4,249,879,0,879
2011,TOTAL PULSES,MAHARASHTRA,RATHNAGIRI,DAPOLI,5,118,530,0,530
2011,TOTAL PULSES,MAHARASHTRA,RATHNAGIRI,DAPOLI,7.5,123,750,0,750
2011,TOTAL PULSES,MAHARASHTRA,RATHNAGIRI,DAPOLI,10,46,384,0,384
2011,TOTAL PULSES,MAHARASHTRA,RATHNAGIRI,DAPOLI,20,92,1191,0,1191
2011,TOTAL PULSES,MAHARASHTRA,RATHNAGIRI,DAPOLI,30,10,228,0,228
2011,TOTAL SPICES & CONDIMENTS,MAHARASHTRA,RATHNAGIRI,DAPOLI,0.5,118,7,11,18
2011,TOTAL SPICES & CONDIMENTS,MAHARASHTRA,RATHNAGIRI,DAPOLI,1,25,10,0,10
2011,TOTAL SPICES & CONDIMENTS,MAHARASHTRA,RATHNAGIRI,DAPOLI,2,10,1,6,7
2011,TOTAL SPICES & CONDIMENTS,MAHARASHTRA,RATHNAGIRI,DAPOLI,3,21,2,17,18
2011,TOTAL SPICES & CONDIMENTS,MAHARASHTRA,RATHNAGIRI,DAPOLI,4,17,1,11,12
2011,TOTAL SPICES & CONDIMENTS,MAHARASHTRA,RATHNAGIRI,DAPOLI,5,5,2,0,2
2011,TUR (ARHAR),MAHARASHTRA,RATHNAGIRI,DAPOLI,0.5,155,32,0,32
2011,TUR (ARHAR),MAHARASHTRA,RATHNAGIRI,DAPOLI,1,51,35,0,35
2011,TUR (ARHAR),MAHARASHTRA,RATHNAGIRI,DAPOLI,2,20,26,0,26
2011,TUR (ARHAR),MAHARASHTRA,RATHNAGIRI,DAPOLI,3,5,14,0,14
2011,TUR (ARHAR),MAHARASHTRA,RATHNAGIRI,DAPOLI,4,22,82,0,82
2011,TUR (ARHAR),MAHARASHTRA,RATHNAGIRI,DAPOLI,5,9,41,0,41
2011,TUR (ARHAR),MAHARASHTRA,RATHNAGIRI,DAPOLI,7.5,15,98,0,98
2011,URAD,MAHARASHTRA,RATHNAGIRI,DAPOLI,0.5,5,0,0,0
